{
  "Init Thread Variables" : {
    "transaction" : "Init Thread Variables",
    "sampleCount" : 150,
    "errorCount" : 0,
    "errorPct" : 0.0,
    "meanResTime" : 1.533333333333333,
    "medianResTime" : 1.0,
    "minResTime" : 0.0,
    "maxResTime" : 42.0,
    "pct1ResTime" : 2.0,
    "pct2ResTime" : 4.0,
    "pct3ResTime" : 30.27000000000021,
    "throughput" : 1.2583470353343846,
    "receivedKBytesPerSec" : 0.0,
    "sentKBytesPerSec" : 0.0
  },
  "WS Open Connection" : {
    "transaction" : "WS Open Connection",
    "sampleCount" : 150,
    "errorCount" : 0,
    "errorPct" : 0.0,
    "meanResTime" : 51.106666666666705,
    "medianResTime" : 48.0,
    "minResTime" : 38.0,
    "maxResTime" : 248.0,
    "pct1ResTime" : 57.900000000000006,
    "pct2ResTime" : 60.0,
    "pct3ResTime" : 204.65000000000077,
    "throughput" : 1.2622119001337944,
    "receivedKBytesPerSec" : 0.6779458447984248,
    "sentKBytesPerSec" : 0.23733856835718914
  },
  "Total" : {
    "transaction" : "Total",
    "sampleCount" : 215129,
    "errorCount" : 0,
    "errorPct" : 0.0,
    "meanResTime" : 1543.0458422620989,
    "medianResTime" : 5365.0,
    "minResTime" : 0.0,
    "maxResTime" : 9033.0,
    "pct1ResTime" : 6351.0,
    "pct2ResTime" : 6692.0,
    "pct3ResTime" : 8391.990000000002,
    "throughput" : 119.28139183894802,
    "receivedKBytesPerSec" : 231.77137281717725,
    "sentKBytesPerSec" : 51.321792777247495
  },
  "GET /metrics — Verify DB Write" : {
    "transaction" : "GET /metrics — Verify DB Write",
    "sampleCount" : 36136,
    "errorCount" : 0,
    "errorPct" : 0.0,
    "meanResTime" : 2104.8749999999977,
    "medianResTime" : 3721.0,
    "minResTime" : 17.0,
    "maxResTime" : 9033.0,
    "pct1ResTime" : 5642.9000000000015,
    "pct2ResTime" : 6094.950000000001,
    "pct3ResTime" : 7207.990000000002,
    "throughput" : 20.15573057272261,
    "receivedKBytesPerSec" : 58.43131186500887,
    "sentKBytesPerSec" : 9.82743771753196
  },
  "WS Send JOIN + Read ACK" : {
    "transaction" : "WS Send JOIN + Read ACK",
    "sampleCount" : 150,
    "errorCount" : 0,
    "errorPct" : 0.0,
    "meanResTime" : 82.08666666666666,
    "medianResTime" : 74.0,
    "minResTime" : 62.0,
    "maxResTime" : 1083.0,
    "pct1ResTime" : 83.9,
    "pct2ResTime" : 93.34999999999997,
    "pct3ResTime" : 610.2300000000084,
    "throughput" : 1.2552196215931248,
    "receivedKBytesPerSec" : 0.7648994569083104,
    "sentKBytesPerSec" : 0.1826197453368591
  },
  "GET /metrics (100 ms window)" : {
    "transaction" : "GET /metrics (100 ms window)",
    "sampleCount" : 142370,
    "errorCount" : 0,
    "errorPct" : 0.0,
    "meanResTime" : 1777.5394324647054,
    "medianResTime" : 4868.0,
    "minResTime" : 15.0,
    "maxResTime" : 8932.0,
    "pct1ResTime" : 6242.0,
    "pct2ResTime" : 6506.950000000001,
    "pct3ResTime" : 8279.970000000005,
    "throughput" : 78.93910981834634,
    "receivedKBytesPerSec" : 161.36941506109923,
    "sentKBytesPerSec" : 38.525792449316405
  },
  "WS Send TEXT + Read ACK" : {
    "transaction" : "WS Send TEXT + Read ACK",
    "sampleCount" : 36173,
    "errorCount" : 0,
    "errorPct" : 0.0,
    "meanResTime" : 77.50664860531336,
    "medianResTime" : 75.0,
    "minResTime" : 43.0,
    "maxResTime" : 1117.0,
    "pct1ResTime" : 86.0,
    "pct2ResTime" : 91.0,
    "pct3ResTime" : 144.0,
    "throughput" : 20.219065494948726,
    "receivedKBytesPerSec" : 12.32099303598438,
    "sentKBytesPerSec" : 3.023425936626284
  }
}