{
  "Init Thread Variables" : {
    "transaction" : "Init Thread Variables",
    "sampleCount" : 150,
    "errorCount" : 0,
    "errorPct" : 0.0,
    "meanResTime" : 2.573333333333334,
    "medianResTime" : 1.0,
    "minResTime" : 0.0,
    "maxResTime" : 109.0,
    "pct1ResTime" : 2.0,
    "pct2ResTime" : 3.0,
    "pct3ResTime" : 107.47000000000003,
    "throughput" : 1.2547576226525576,
    "receivedKBytesPerSec" : 0.0,
    "sentKBytesPerSec" : 0.0
  },
  "WS Open Connection" : {
    "transaction" : "WS Open Connection",
    "sampleCount" : 150,
    "errorCount" : 0,
    "errorPct" : 0.0,
    "meanResTime" : 75.76666666666662,
    "medianResTime" : 71.0,
    "minResTime" : 53.0,
    "maxResTime" : 155.0,
    "pct1ResTime" : 94.9,
    "pct2ResTime" : 105.69999999999993,
    "pct3ResTime" : 147.86000000000013,
    "throughput" : 1.2511886291977379,
    "receivedKBytesPerSec" : 0.6720251426355037,
    "sentKBytesPerSec" : 0.23528211175616837
  },
  "Total" : {
    "transaction" : "Total",
    "sampleCount" : 133772,
    "errorCount" : 34,
    "errorPct" : 0.02541638,
    "meanResTime" : 1111.4437625213068,
    "medianResTime" : 205.0,
    "minResTime" : 0.0,
    "maxResTime" : 303787.0,
    "pct1ResTime" : 2105.9000000000015,
    "pct2ResTime" : 7517.0,
    "pct3ResTime" : 64062.27000000012,
    "throughput" : 73.8479815352444,
    "receivedKBytesPerSec" : 142.55534511335802,
    "sentKBytesPerSec" : 31.99412409495896
  },
  "GET /metrics — Verify DB Write" : {
    "transaction" : "GET /metrics — Verify DB Write",
    "sampleCount" : 20825,
    "errorCount" : 0,
    "errorPct" : 0.0,
    "meanResTime" : 1800.6049939975987,
    "medianResTime" : 134.0,
    "minResTime" : 30.0,
    "maxResTime" : 303704.0,
    "pct1ResTime" : 1221.0,
    "pct2ResTime" : 3578.9500000000007,
    "pct3ResTime" : 30799.920000000013,
    "throughput" : 11.575920528873652,
    "receivedKBytesPerSec" : 33.3144188165268,
    "sentKBytesPerSec" : 5.635119767350401
  },
  "WS Send JOIN + Read ACK" : {
    "transaction" : "WS Send JOIN + Read ACK",
    "sampleCount" : 150,
    "errorCount" : 0,
    "errorPct" : 0.0,
    "meanResTime" : 117.52000000000001,
    "medianResTime" : 113.0,
    "minResTime" : 87.0,
    "maxResTime" : 284.0,
    "pct1ResTime" : 139.9,
    "pct2ResTime" : 162.74999999999983,
    "pct3ResTime" : 268.1900000000003,
    "throughput" : 1.2551355964822735,
    "receivedKBytesPerSec" : 0.7648482541063852,
    "sentKBytesPerSec" : 0.18268923522496214
  },
  "GET /metrics (100 ms window)" : {
    "transaction" : "GET /metrics (100 ms window)",
    "sampleCount" : 91542,
    "errorCount" : 1,
    "errorPct" : 0.0010923947,
    "meanResTime" : 1174.0479233575923,
    "medianResTime" : 332.0,
    "minResTime" : 26.0,
    "maxResTime" : 303787.0,
    "pct1ResTime" : 3732.0,
    "pct2ResTime" : 8149.500000000007,
    "pct3ResTime" : 123317.45000000008,
    "throughput" : 50.564320619617575,
    "receivedKBytesPerSec" : 102.3944418342464,
    "sentKBytesPerSec" : 24.658811181684563
  },
  "WS Send TEXT + Read ACK" : {
    "transaction" : "WS Send TEXT + Read ACK",
    "sampleCount" : 20955,
    "errorCount" : 33,
    "errorPct" : 0.15748031,
    "meanResTime" : 175.53719875924625,
    "medianResTime" : 121.0,
    "minResTime" : 75.0,
    "maxResTime" : 7881.0,
    "pct1ResTime" : 226.90000000000146,
    "pct2ResTime" : 375.9500000000007,
    "pct3ResTime" : 1087.9300000000112,
    "throughput" : 11.704971051771665,
    "receivedKBytesPerSec" : 7.122984193331713,
    "sentKBytesPerSec" : 1.7459552950261552
  }
}