{
  "Init Thread Variables" : {
    "transaction" : "Init Thread Variables",
    "sampleCount" : 150,
    "errorCount" : 0,
    "errorPct" : 0.0,
    "meanResTime" : 1.5133333333333343,
    "medianResTime" : 1.0,
    "minResTime" : 0.0,
    "maxResTime" : 48.0,
    "pct1ResTime" : 2.0,
    "pct2ResTime" : 3.0,
    "pct3ResTime" : 31.1700000000003,
    "throughput" : 1.2616280047773647,
    "receivedKBytesPerSec" : 0.0,
    "sentKBytesPerSec" : 0.0
  },
  "WS Open Connection" : {
    "transaction" : "WS Open Connection",
    "sampleCount" : 150,
    "errorCount" : 0,
    "errorPct" : 0.0,
    "meanResTime" : 57.02666666666667,
    "medianResTime" : 49.0,
    "minResTime" : 33.0,
    "maxResTime" : 302.0,
    "pct1ResTime" : 65.80000000000001,
    "pct2ResTime" : 102.29999999999984,
    "pct3ResTime" : 274.9700000000005,
    "throughput" : 1.2592555281317686,
    "receivedKBytesPerSec" : 0.6763579496801492,
    "sentKBytesPerSec" : 0.23675807550076397
  },
  "Total" : {
    "transaction" : "Total",
    "sampleCount" : 214729,
    "errorCount" : 0,
    "errorPct" : 0.0,
    "meanResTime" : 1551.8742507998425,
    "medianResTime" : 5236.0,
    "minResTime" : 0.0,
    "maxResTime" : 7801.0,
    "pct1ResTime" : 6126.0,
    "pct2ResTime" : 6345.0,
    "pct3ResTime" : 7326.0,
    "throughput" : 119.00899457908817,
    "receivedKBytesPerSec" : 231.62697343553683,
    "sentKBytesPerSec" : 51.19795644412903
  },
  "GET /metrics — Verify DB Write" : {
    "transaction" : "GET /metrics — Verify DB Write",
    "sampleCount" : 36106,
    "errorCount" : 0,
    "errorPct" : 0.0,
    "meanResTime" : 2118.4196809394507,
    "medianResTime" : 3635.5,
    "minResTime" : 18.0,
    "maxResTime" : 7801.0,
    "pct1ResTime" : 5676.0,
    "pct2ResTime" : 5987.0,
    "pct3ResTime" : 6618.0,
    "throughput" : 20.125537962106733,
    "receivedKBytesPerSec" : 58.65392758671913,
    "sentKBytesPerSec" : 9.812905056690518
  },
  "WS Send JOIN + Read ACK" : {
    "transaction" : "WS Send JOIN + Read ACK",
    "sampleCount" : 150,
    "errorCount" : 0,
    "errorPct" : 0.0,
    "meanResTime" : 85.42666666666665,
    "medianResTime" : 75.0,
    "minResTime" : 54.0,
    "maxResTime" : 450.0,
    "pct1ResTime" : 86.9,
    "pct2ResTime" : 125.34999999999997,
    "pct3ResTime" : 409.7100000000007,
    "throughput" : 1.2561867195940006,
    "receivedKBytesPerSec" : 0.765488782252594,
    "sentKBytesPerSec" : 0.18274409016489543
  },
  "GET /metrics (100 ms window)" : {
    "transaction" : "GET /metrics (100 ms window)",
    "sampleCount" : 142033,
    "errorCount" : 0,
    "errorPct" : 0.0,
    "meanResTime" : 1787.8359747382724,
    "medianResTime" : 5155.5,
    "minResTime" : 14.0,
    "maxResTime" : 7783.0,
    "pct1ResTime" : 6100.0,
    "pct2ResTime" : 6394.0,
    "pct3ResTime" : 7252.980000000003,
    "throughput" : 78.74631724731354,
    "receivedKBytesPerSec" : 161.06223730760146,
    "sentKBytesPerSec" : 38.43134554002294
  },
  "WS Send TEXT + Read ACK" : {
    "transaction" : "WS Send TEXT + Read ACK",
    "sampleCount" : 36140,
    "errorCount" : 0,
    "errorPct" : 0.0,
    "meanResTime" : 77.23970669618207,
    "medianResTime" : 75.0,
    "minResTime" : 45.0,
    "maxResTime" : 1394.0,
    "pct1ResTime" : 85.0,
    "pct2ResTime" : 90.0,
    "pct3ResTime" : 135.9900000000016,
    "throughput" : 20.19047427502286,
    "receivedKBytesPerSec" : 12.303570261342058,
    "sentKBytesPerSec" : 3.019299009701651
  }
}