{
  "Init Thread Variables" : {
    "transaction" : "Init Thread Variables",
    "sampleCount" : 300,
    "errorCount" : 0,
    "errorPct" : 0.0,
    "meanResTime" : 0.9433333333333336,
    "medianResTime" : 1.0,
    "minResTime" : 0.0,
    "maxResTime" : 46.0,
    "pct1ResTime" : 2.0,
    "pct2ResTime" : 2.0,
    "pct3ResTime" : 7.960000000000036,
    "throughput" : 4.998916901338043,
    "receivedKBytesPerSec" : 0.0,
    "sentKBytesPerSec" : 0.0
  },
  "WS Open Connection" : {
    "transaction" : "WS Open Connection",
    "sampleCount" : 300,
    "errorCount" : 0,
    "errorPct" : 0.0,
    "meanResTime" : 62.94000000000007,
    "medianResTime" : 51.5,
    "minResTime" : 39.0,
    "maxResTime" : 286.0,
    "pct1ResTime" : 74.7000000000001,
    "pct2ResTime" : 170.84999999999997,
    "pct3ResTime" : 254.98000000000002,
    "throughput" : 4.995171334376769,
    "receivedKBytesPerSec" : 2.6829533534250225,
    "sentKBytesPerSec" : 0.9391962769322988
  },
  "Total" : {
    "transaction" : "Total",
    "sampleCount" : 76447,
    "errorCount" : 0,
    "errorPct" : 0.0,
    "meanResTime" : 525.7118918989639,
    "medianResTime" : 1599.0,
    "minResTime" : 0.0,
    "maxResTime" : 3023.0,
    "pct1ResTime" : 2444.0,
    "pct2ResTime" : 2652.0,
    "pct3ResTime" : 2858.9900000000016,
    "throughput" : 254.90660282358903,
    "receivedKBytesPerSec" : 518.7106433935086,
    "sentKBytesPerSec" : 109.3477938470317
  },
  "GET /metrics — Verify DB Write" : {
    "transaction" : "GET /metrics — Verify DB Write",
    "sampleCount" : 11474,
    "errorCount" : 0,
    "errorPct" : 0.0,
    "meanResTime" : 694.7239846609716,
    "medianResTime" : 227.0,
    "minResTime" : 16.0,
    "maxResTime" : 2976.0,
    "pct1ResTime" : 2039.0,
    "pct2ResTime" : 2364.25,
    "pct3ResTime" : 2733.0,
    "throughput" : 39.88182134167536,
    "receivedKBytesPerSec" : 142.45266540124263,
    "sentKBytesPerSec" : 19.207314341110532
  },
  "WS Send JOIN + Read ACK" : {
    "transaction" : "WS Send JOIN + Read ACK",
    "sampleCount" : 300,
    "errorCount" : 0,
    "errorPct" : 0.0,
    "meanResTime" : 96.18000000000004,
    "medianResTime" : 74.0,
    "minResTime" : 57.0,
    "maxResTime" : 1075.0,
    "pct1ResTime" : 118.7000000000001,
    "pct2ResTime" : 243.39999999999986,
    "pct3ResTime" : 434.1200000000008,
    "throughput" : 5.008514474606832,
    "receivedKBytesPerSec" : 3.052063507963538,
    "sentKBytesPerSec" : 0.7285986437360179
  },
  "GET /metrics (100 ms window)" : {
    "transaction" : "GET /metrics (100 ms window)",
    "sampleCount" : 52499,
    "errorCount" : 0,
    "errorPct" : 0.0,
    "meanResTime" : 595.0913922169954,
    "medianResTime" : 1403.0,
    "minResTime" : 16.0,
    "maxResTime" : 3023.0,
    "pct1ResTime" : 2374.0,
    "pct2ResTime" : 2584.0,
    "pct3ResTime" : 2842.0,
    "throughput" : 175.12859687631348,
    "receivedKBytesPerSec" : 357.5422684307595,
    "sentKBytesPerSec" : 84.95366965509851
  },
  "WS Send TEXT + Read ACK" : {
    "transaction" : "WS Send TEXT + Read ACK",
    "sampleCount" : 11574,
    "errorCount" : 0,
    "errorPct" : 0.0,
    "meanResTime" : 80.18939001209564,
    "medianResTime" : 75.0,
    "minResTime" : 50.0,
    "maxResTime" : 1079.0,
    "pct1ResTime" : 88.0,
    "pct2ResTime" : 95.0,
    "pct3ResTime" : 185.0,
    "throughput" : 40.1487453083482,
    "receivedKBytesPerSec" : 24.46564167227468,
    "sentKBytesPerSec" : 5.899612580998203
  }
}