{
  "Init Thread Variables" : {
    "transaction" : "Init Thread Variables",
    "sampleCount" : 300,
    "errorCount" : 0,
    "errorPct" : 0.0,
    "meanResTime" : 1.4300000000000004,
    "medianResTime" : 1.0,
    "minResTime" : 0.0,
    "maxResTime" : 83.0,
    "pct1ResTime" : 1.0,
    "pct2ResTime" : 2.0,
    "pct3ResTime" : 26.99000000000001,
    "throughput" : 5.006508460999299,
    "receivedKBytesPerSec" : 0.0,
    "sentKBytesPerSec" : 0.0
  },
  "WS Open Connection" : {
    "transaction" : "WS Open Connection",
    "sampleCount" : 300,
    "errorCount" : 0,
    "errorPct" : 0.0,
    "meanResTime" : 73.44666666666666,
    "medianResTime" : 72.0,
    "minResTime" : 48.0,
    "maxResTime" : 145.0,
    "pct1ResTime" : 88.0,
    "pct2ResTime" : 95.0,
    "pct3ResTime" : 128.94000000000005,
    "throughput" : 4.981816370248592,
    "receivedKBytesPerSec" : 2.67578027698899,
    "sentKBytesPerSec" : 0.9367987833989272
  },
  "Total" : {
    "transaction" : "Total",
    "sampleCount" : 73701,
    "errorCount" : 1,
    "errorPct" : 0.0013568337,
    "meanResTime" : 670.3626816461115,
    "medianResTime" : 1579.0,
    "minResTime" : 0.0,
    "maxResTime" : 4968.0,
    "pct1ResTime" : 3270.9000000000015,
    "pct2ResTime" : 4131.0,
    "pct3ResTime" : 4721.0,
    "throughput" : 244.8090880403913,
    "receivedKBytesPerSec" : 496.2618437660892,
    "sentKBytesPerSec" : 104.9069658419973
  },
  "GET /metrics — Verify DB Write" : {
    "transaction" : "GET /metrics — Verify DB Write",
    "sampleCount" : 11103,
    "errorCount" : 0,
    "errorPct" : 0.0,
    "meanResTime" : 912.2572277762748,
    "medianResTime" : 251.0,
    "minResTime" : 33.0,
    "maxResTime" : 4959.0,
    "pct1ResTime" : 2614.6000000000004,
    "pct2ResTime" : 3110.7999999999993,
    "pct3ResTime" : 4473.5199999999895,
    "throughput" : 38.36916367456535,
    "receivedKBytesPerSec" : 135.1653544095769,
    "sentKBytesPerSec" : 18.468762905056796
  },
  "WS Send JOIN + Read ACK" : {
    "transaction" : "WS Send JOIN + Read ACK",
    "sampleCount" : 300,
    "errorCount" : 0,
    "errorPct" : 0.0,
    "meanResTime" : 114.63666666666668,
    "medianResTime" : 111.0,
    "minResTime" : 83.0,
    "maxResTime" : 206.0,
    "pct1ResTime" : 135.0,
    "pct2ResTime" : 145.95,
    "pct3ResTime" : 173.97000000000003,
    "throughput" : 4.9223095476397525,
    "receivedKBytesPerSec" : 2.999532380592974,
    "sentKBytesPerSec" : 0.7160422170082202
  },
  "GET /metrics (100 ms window)" : {
    "transaction" : "GET /metrics (100 ms window)",
    "sampleCount" : 50511,
    "errorCount" : 0,
    "errorPct" : 0.0,
    "meanResTime" : 750.4266199441716,
    "medianResTime" : 1396.0,
    "minResTime" : 27.0,
    "maxResTime" : 4968.0,
    "pct1ResTime" : 3038.0,
    "pct2ResTime" : 3961.9500000000007,
    "pct3ResTime" : 4700.990000000002,
    "throughput" : 168.0518218838998,
    "receivedKBytesPerSec" : 343.11201196047983,
    "sentKBytesPerSec" : 81.49679965307352
  },
  "WS Send TEXT + Read ACK" : {
    "transaction" : "WS Send TEXT + Read ACK",
    "sampleCount" : 11187,
    "errorCount" : 1,
    "errorPct" : 0.008938947,
    "meanResTime" : 117.6325198891572,
    "medianResTime" : 116.0,
    "minResTime" : 73.0,
    "maxResTime" : 465.0,
    "pct1ResTime" : 136.0,
    "pct2ResTime" : 144.0,
    "pct3ResTime" : 174.0,
    "throughput" : 38.761382063115875,
    "receivedKBytesPerSec" : 23.618105796016795,
    "sentKBytesPerSec" : 5.692838427975968
  }
}