{
  "Init Thread Variables" : {
    "transaction" : "Init Thread Variables",
    "sampleCount" : 300,
    "errorCount" : 0,
    "errorPct" : 0.0,
    "meanResTime" : 0.9566666666666657,
    "medianResTime" : 1.0,
    "minResTime" : 0.0,
    "maxResTime" : 56.0,
    "pct1ResTime" : 2.0,
    "pct2ResTime" : 2.9499999999999886,
    "pct3ResTime" : 8.960000000000036,
    "throughput" : 4.996003197442046,
    "receivedKBytesPerSec" : 0.0,
    "sentKBytesPerSec" : 0.0
  },
  "WS Open Connection" : {
    "transaction" : "WS Open Connection",
    "sampleCount" : 300,
    "errorCount" : 0,
    "errorPct" : 0.0,
    "meanResTime" : 67.58000000000001,
    "medianResTime" : 50.0,
    "minResTime" : 34.0,
    "maxResTime" : 1047.0,
    "pct1ResTime" : 108.1000000000003,
    "pct2ResTime" : 175.95,
    "pct3ResTime" : 395.17000000000075,
    "throughput" : 4.978096375945838,
    "receivedKBytesPerSec" : 2.673782233174034,
    "sentKBytesPerSec" : 0.9363099238351255
  },
  "Total" : {
    "transaction" : "Total",
    "sampleCount" : 75179,
    "errorCount" : 1,
    "errorPct" : 0.0013301587,
    "meanResTime" : 584.5780470610131,
    "medianResTime" : 1567.0,
    "minResTime" : 0.0,
    "maxResTime" : 4799.0,
    "pct1ResTime" : 2596.0,
    "pct2ResTime" : 3414.7500000000036,
    "pct3ResTime" : 4549.990000000002,
    "throughput" : 250.28797816026898,
    "receivedKBytesPerSec" : 508.54365878437426,
    "sentKBytesPerSec" : 107.26537530795352
  },
  "GET /metrics — Verify DB Write" : {
    "transaction" : "GET /metrics — Verify DB Write",
    "sampleCount" : 11337,
    "errorCount" : 0,
    "errorPct" : 0.0,
    "meanResTime" : 783.5113345682267,
    "medianResTime" : 275.0,
    "minResTime" : 17.0,
    "maxResTime" : 4799.0,
    "pct1ResTime" : 2066.0,
    "pct2ResTime" : 2492.0,
    "pct3ResTime" : 4193.240000000002,
    "throughput" : 39.306987677777705,
    "receivedKBytesPerSec" : 139.18393529056382,
    "sentKBytesPerSec" : 18.92876976379229
  },
  "WS Send JOIN + Read ACK" : {
    "transaction" : "WS Send JOIN + Read ACK",
    "sampleCount" : 300,
    "errorCount" : 0,
    "errorPct" : 0.0,
    "meanResTime" : 80.54333333333331,
    "medianResTime" : 73.0,
    "minResTime" : 56.0,
    "maxResTime" : 464.0,
    "pct1ResTime" : 87.90000000000003,
    "pct2ResTime" : 112.84999999999997,
    "pct3ResTime" : 269.95000000000005,
    "throughput" : 4.961712121462712,
    "receivedKBytesPerSec" : 3.0235433240163405,
    "sentKBytesPerSec" : 0.7222424509617452
  },
  "GET /metrics (100 ms window)" : {
    "transaction" : "GET /metrics (100 ms window)",
    "sampleCount" : 51499,
    "errorCount" : 0,
    "errorPct" : 0.0,
    "meanResTime" : 662.8242684323973,
    "medianResTime" : 1427.0,
    "minResTime" : 15.0,
    "maxResTime" : 4772.0,
    "pct1ResTime" : 2419.0,
    "pct2ResTime" : 3211.0,
    "pct3ResTime" : 4515.0,
    "throughput" : 171.66562220829613,
    "receivedKBytesPerSec" : 350.972534451501,
    "sentKBytesPerSec" : 83.26081066497554
  },
  "WS Send TEXT + Read ACK" : {
    "transaction" : "WS Send TEXT + Read ACK",
    "sampleCount" : 11443,
    "errorCount" : 1,
    "errorPct" : 0.008738967,
    "meanResTime" : 77.410993620554,
    "medianResTime" : 74.0,
    "minResTime" : 52.0,
    "maxResTime" : 1087.0,
    "pct1ResTime" : 87.0,
    "pct2ResTime" : 93.0,
    "pct3ResTime" : 159.11999999999898,
    "throughput" : 39.692119849875475,
    "receivedKBytesPerSec" : 24.18797493834419,
    "sentKBytesPerSec" : 5.83370540359841
  }
}