{
  "Init Thread Variables" : {
    "transaction" : "Init Thread Variables",
    "sampleCount" : 150,
    "errorCount" : 0,
    "errorPct" : 0.0,
    "meanResTime" : 0.6000000000000001,
    "medianResTime" : 0.0,
    "minResTime" : 0.0,
    "maxResTime" : 23.0,
    "pct1ResTime" : 1.0,
    "pct2ResTime" : 1.0,
    "pct3ResTime" : 12.290000000000191,
    "throughput" : 1.2637432073802604,
    "receivedKBytesPerSec" : 0.0,
    "sentKBytesPerSec" : 0.0
  },
  "WS Open Connection" : {
    "transaction" : "WS Open Connection",
    "sampleCount" : 150,
    "errorCount" : 0,
    "errorPct" : 0.0,
    "meanResTime" : 31.35333333333333,
    "medianResTime" : 25.0,
    "minResTime" : 21.0,
    "maxResTime" : 227.0,
    "pct1ResTime" : 45.80000000000001,
    "pct2ResTime" : 68.0,
    "pct3ResTime" : 209.6600000000003,
    "throughput" : 1.2617871953835413,
    "receivedKBytesPerSec" : 0.6777177318954567,
    "sentKBytesPerSec" : 0.23727513900688935
  },
  "Total" : {
    "transaction" : "Total",
    "sampleCount" : 131092,
    "errorCount" : 0,
    "errorPct" : 0.0,
    "meanResTime" : 2802.938806334472,
    "medianResTime" : 39.0,
    "minResTime" : 0.0,
    "maxResTime" : 70898.0,
    "pct1ResTime" : 16376.0,
    "pct2ResTime" : 17110.0,
    "pct3ResTime" : 17972.0,
    "throughput" : 72.33827463514123,
    "receivedKBytesPerSec" : 84.52188885826709,
    "sentKBytesPerSec" : 20.159962817975362
  },
  "WS Send JOIN + Read ACK" : {
    "transaction" : "WS Send JOIN + Read ACK",
    "sampleCount" : 150,
    "errorCount" : 0,
    "errorPct" : 0.0,
    "meanResTime" : 43.3266666666667,
    "medianResTime" : 38.0,
    "minResTime" : 31.0,
    "maxResTime" : 252.0,
    "pct1ResTime" : 54.10000000000005,
    "pct2ResTime" : 96.49999999999989,
    "pct3ResTime" : 209.67000000000075,
    "throughput" : 1.2628175986260544,
    "receivedKBytesPerSec" : 0.769529474162752,
    "sentKBytesPerSec" : 0.18379093370628546
  },
  "GET /metrics (100 ms window)" : {
    "transaction" : "GET /metrics (100 ms window)",
    "sampleCount" : 49501,
    "errorCount" : 0,
    "errorPct" : 0.0,
    "meanResTime" : 7349.843134482136,
    "medianResTime" : 11705.0,
    "minResTime" : 23.0,
    "maxResTime" : 70898.0,
    "pct1ResTime" : 16376.0,
    "pct2ResTime" : 17110.0,
    "pct3ResTime" : 17972.0,
    "throughput" : 27.315297140284116,
    "receivedKBytesPerSec" : 57.142432674843334,
    "sentKBytesPerSec" : 13.296672851053797
  },
  "WS Send TEXT + Read ACK" : {
    "transaction" : "WS Send TEXT + Read ACK",
    "sampleCount" : 81141,
    "errorCount" : 0,
    "errorPct" : 0.0,
    "meanResTime" : 44.45319875278774,
    "medianResTime" : 37.0,
    "minResTime" : 29.0,
    "maxResTime" : 1071.0,
    "pct1ResTime" : 42.0,
    "pct2ResTime" : 43.0,
    "pct3ResTime" : 84.0,
    "throughput" : 45.33211763857999,
    "receivedKBytesPerSec" : 27.624259186009677,
    "sentKBytesPerSec" : 6.920784245153283
  }
}