{
  "Init Thread Variables" : {
    "transaction" : "Init Thread Variables",
    "sampleCount" : 150,
    "errorCount" : 0,
    "errorPct" : 0.0,
    "meanResTime" : 0.7799999999999997,
    "medianResTime" : 1.0,
    "minResTime" : 0.0,
    "maxResTime" : 24.0,
    "pct1ResTime" : 1.0,
    "pct2ResTime" : 1.4499999999999886,
    "pct3ResTime" : 12.7800000000002,
    "throughput" : 1.2619464261677211,
    "receivedKBytesPerSec" : 0.0,
    "sentKBytesPerSec" : 0.0
  },
  "WS Open Connection" : {
    "transaction" : "WS Open Connection",
    "sampleCount" : 150,
    "errorCount" : 0,
    "errorPct" : 0.0,
    "meanResTime" : 26.226666666666667,
    "medianResTime" : 23.0,
    "minResTime" : 20.0,
    "maxResTime" : 92.0,
    "pct1ResTime" : 29.0,
    "pct2ResTime" : 54.799999999999955,
    "pct3ResTime" : 90.98000000000002,
    "throughput" : 1.254862592546116,
    "receivedKBytesPerSec" : 0.6739984627933242,
    "sentKBytesPerSec" : 0.2360220071527168
  },
  "Total" : {
    "transaction" : "Total",
    "sampleCount" : 162469,
    "errorCount" : 0,
    "errorPct" : 0.0,
    "meanResTime" : 2858.586671918966,
    "medianResTime" : 6572.0,
    "minResTime" : 0.0,
    "maxResTime" : 9221.0,
    "pct1ResTime" : 7341.0,
    "pct2ResTime" : 7516.0,
    "pct3ResTime" : 7800.0,
    "throughput" : 90.05937292304247,
    "receivedKBytesPerSec" : 173.69003070952334,
    "sentKBytesPerSec" : 38.26878100105958
  },
  "GET /metrics — Verify DB Write" : {
    "transaction" : "GET /metrics — Verify DB Write",
    "sampleCount" : 29614,
    "errorCount" : 0,
    "errorPct" : 0.0,
    "meanResTime" : 3732.1441210238227,
    "medianResTime" : 4722.0,
    "minResTime" : 16.0,
    "maxResTime" : 9221.0,
    "pct1ResTime" : 6902.9000000000015,
    "pct2ResTime" : 7179.950000000001,
    "pct3ResTime" : 7760.970000000005,
    "throughput" : 16.512796664653727,
    "receivedKBytesPerSec" : 46.98938389948656,
    "sentKBytesPerSec" : 8.047993316768402
  },
  "WS Send JOIN + Read ACK" : {
    "transaction" : "WS Send JOIN + Read ACK",
    "sampleCount" : 150,
    "errorCount" : 0,
    "errorPct" : 0.0,
    "meanResTime" : 40.73333333333331,
    "medianResTime" : 35.0,
    "minResTime" : 29.0,
    "maxResTime" : 105.0,
    "pct1ResTime" : 55.70000000000002,
    "pct2ResTime" : 96.14999999999992,
    "pct3ResTime" : 105.0,
    "throughput" : 1.2576928881659484,
    "receivedKBytesPerSec" : 0.7664066037261248,
    "sentKBytesPerSec" : 0.1831105863154629
  },
  "GET /metrics (100 ms window)" : {
    "transaction" : "GET /metrics (100 ms window)",
    "sampleCount" : 102752,
    "errorCount" : 0,
    "errorPct" : 0.0,
    "meanResTime" : 3432.0225786359197,
    "medianResTime" : 6561.0,
    "minResTime" : 16.0,
    "maxResTime" : 9197.0,
    "pct1ResTime" : 7314.0,
    "pct2ResTime" : 7544.0,
    "pct3ResTime" : 8768.0,
    "throughput" : 56.957271514324404,
    "receivedKBytesPerSec" : 116.86577205793702,
    "sentKBytesPerSec" : 27.782803328637335
  },
  "WS Send TEXT + Read ACK" : {
    "transaction" : "WS Send TEXT + Read ACK",
    "sampleCount" : 29653,
    "errorCount" : 0,
    "errorPct" : 0.0,
    "meanResTime" : 42.176407108893166,
    "medianResTime" : 35.0,
    "minResTime" : 28.0,
    "maxResTime" : 904.0,
    "pct1ResTime" : 41.0,
    "pct2ResTime" : 68.0,
    "pct3ResTime" : 109.0,
    "throughput" : 16.566514110001698,
    "receivedKBytesPerSec" : 10.095219535782286,
    "sentKBytesPerSec" : 2.4770051354140596
  }
}