{
  "Init Thread Variables" : {
    "transaction" : "Init Thread Variables",
    "sampleCount" : 300,
    "errorCount" : 0,
    "errorPct" : 0.0,
    "meanResTime" : 0.506666666666667,
    "medianResTime" : 0.0,
    "minResTime" : 0.0,
    "maxResTime" : 39.0,
    "pct1ResTime" : 1.0,
    "pct2ResTime" : 1.0,
    "pct3ResTime" : 1.990000000000009,
    "throughput" : 4.991763590076374,
    "receivedKBytesPerSec" : 0.0,
    "sentKBytesPerSec" : 0.0
  },
  "WS Open Connection" : {
    "transaction" : "WS Open Connection",
    "sampleCount" : 300,
    "errorCount" : 0,
    "errorPct" : 0.0,
    "meanResTime" : 25.28666666666666,
    "medianResTime" : 25.0,
    "minResTime" : 20.0,
    "maxResTime" : 60.0,
    "pct1ResTime" : 28.0,
    "pct2ResTime" : 29.0,
    "pct3ResTime" : 41.91000000000008,
    "throughput" : 4.946087644673063,
    "receivedKBytesPerSec" : 2.656590043525571,
    "sentKBytesPerSec" : 0.9297260125053582
  },
  "Total" : {
    "transaction" : "Total",
    "sampleCount" : 69164,
    "errorCount" : 1,
    "errorPct" : 0.0014458388,
    "meanResTime" : 909.7658319356864,
    "medianResTime" : 2428.0,
    "minResTime" : 0.0,
    "maxResTime" : 6200.0,
    "pct1ResTime" : 5370.0,
    "pct2ResTime" : 5636.950000000001,
    "pct3ResTime" : 5958.0,
    "throughput" : 228.29190363179663,
    "receivedKBytesPerSec" : 346.36370999717786,
    "sentKBytesPerSec" : 81.22067504942848
  },
  "WS Send JOIN + Read ACK" : {
    "transaction" : "WS Send JOIN + Read ACK",
    "sampleCount" : 300,
    "errorCount" : 0,
    "errorPct" : 0.0,
    "meanResTime" : 37.72333333333333,
    "medianResTime" : 37.0,
    "minResTime" : 31.0,
    "maxResTime" : 91.0,
    "pct1ResTime" : 41.0,
    "pct2ResTime" : 43.0,
    "pct3ResTime" : 48.99000000000001,
    "throughput" : 5.021592849251783,
    "receivedKBytesPerSec" : 3.0600331425128053,
    "sentKBytesPerSec" : 0.7299617522011316
  },
  "GET /metrics (100 ms window)" : {
    "transaction" : "GET /metrics (100 ms window)",
    "sampleCount" : 42659,
    "errorCount" : 0,
    "errorPct" : 0.0,
    "meanResTime" : 1449.0408354626225,
    "medianResTime" : 2845.5,
    "minResTime" : 10.0,
    "maxResTime" : 6200.0,
    "pct1ResTime" : 5370.0,
    "pct2ResTime" : 5636.950000000001,
    "pct3ResTime" : 5958.0,
    "throughput" : 140.83060975207158,
    "receivedKBytesPerSec" : 293.77775486633817,
    "sentKBytesPerSec" : 68.19778809609289
  },
  "WS Send TEXT + Read ACK" : {
    "transaction" : "WS Send TEXT + Read ACK",
    "sampleCount" : 25605,
    "errorCount" : 1,
    "errorPct" : 0.0039054872,
    "meanResTime" : 42.54465924624081,
    "medianResTime" : 38.0,
    "minResTime" : 30.0,
    "maxResTime" : 854.0,
    "pct1ResTime" : 43.0,
    "pct2ResTime" : 45.0,
    "pct3ResTime" : 236.9900000000016,
    "throughput" : 89.00638217995245,
    "receivedKBytesPerSec" : 54.23887857455089,
    "sentKBytesPerSec" : 13.379866260132928
  }
}