{
  "Init Thread Variables" : {
    "transaction" : "Init Thread Variables",
    "sampleCount" : 300,
    "errorCount" : 0,
    "errorPct" : 0.0,
    "meanResTime" : 0.5599999999999999,
    "medianResTime" : 0.0,
    "minResTime" : 0.0,
    "maxResTime" : 15.0,
    "pct1ResTime" : 1.0,
    "pct2ResTime" : 1.0,
    "pct3ResTime" : 2.0,
    "throughput" : 5.016051364365971,
    "receivedKBytesPerSec" : 0.0,
    "sentKBytesPerSec" : 0.0
  },
  "WS Open Connection" : {
    "transaction" : "WS Open Connection",
    "sampleCount" : 300,
    "errorCount" : 0,
    "errorPct" : 0.0,
    "meanResTime" : 38.68333333333332,
    "medianResTime" : 25.0,
    "minResTime" : 20.0,
    "maxResTime" : 187.0,
    "pct1ResTime" : 85.0,
    "pct2ResTime" : 91.94999999999999,
    "pct3ResTime" : 98.0,
    "throughput" : 4.988609342002428,
    "receivedKBytesPerSec" : 2.6794288458020854,
    "sentKBytesPerSec" : 0.9378975298069409
  },
  "Total" : {
    "transaction" : "Total",
    "sampleCount" : 74805,
    "errorCount" : 0,
    "errorPct" : 0.0,
    "meanResTime" : 602.7861372902854,
    "medianResTime" : 1631.0,
    "minResTime" : 0.0,
    "maxResTime" : 4635.0,
    "pct1ResTime" : 3065.9000000000015,
    "pct2ResTime" : 4169.950000000001,
    "pct3ResTime" : 4516.990000000002,
    "throughput" : 249.60293097004964,
    "receivedKBytesPerSec" : 504.21565858611723,
    "sentKBytesPerSec" : 106.90942537917589
  },
  "GET /metrics — Verify DB Write" : {
    "transaction" : "GET /metrics — Verify DB Write",
    "sampleCount" : 11309,
    "errorCount" : 0,
    "errorPct" : 0.0,
    "meanResTime" : 832.0325404545047,
    "medianResTime" : 283.0,
    "minResTime" : 12.0,
    "maxResTime" : 4635.0,
    "pct1ResTime" : 2232.0,
    "pct2ResTime" : 2951.0,
    "pct3ResTime" : 4353.9,
    "throughput" : 39.30461861417246,
    "receivedKBytesPerSec" : 137.05527097952228,
    "sentKBytesPerSec" : 18.923886482455593
  },
  "WS Send JOIN + Read ACK" : {
    "transaction" : "WS Send JOIN + Read ACK",
    "sampleCount" : 300,
    "errorCount" : 0,
    "errorPct" : 0.0,
    "meanResTime" : 55.9366666666667,
    "medianResTime" : 38.0,
    "minResTime" : 31.0,
    "maxResTime" : 213.0,
    "pct1ResTime" : 104.0,
    "pct2ResTime" : 106.0,
    "pct3ResTime" : 165.53000000000043,
    "throughput" : 5.013871711735803,
    "receivedKBytesPerSec" : 3.0553280743390046,
    "sentKBytesPerSec" : 0.7291331538088712
  },
  "GET /metrics (100 ms window)" : {
    "transaction" : "GET /metrics (100 ms window)",
    "sampleCount" : 51169,
    "errorCount" : 0,
    "errorPct" : 0.0,
    "meanResTime" : 686.55547304032,
    "medianResTime" : 1492.0,
    "minResTime" : 11.0,
    "maxResTime" : 4624.0,
    "pct1ResTime" : 2870.0,
    "pct2ResTime" : 4009.7500000000036,
    "pct3ResTime" : 4466.990000000002,
    "throughput" : 170.73634616411294,
    "receivedKBytesPerSec" : 348.2516971364316,
    "sentKBytesPerSec" : 82.806632074669
  },
  "WS Send TEXT + Read ACK" : {
    "transaction" : "WS Send TEXT + Read ACK",
    "sampleCount" : 11427,
    "errorCount" : 0,
    "errorPct" : 0.0,
    "meanResTime" : 45.773168810711724,
    "medianResTime" : 38.0,
    "minResTime" : 30.0,
    "maxResTime" : 820.0,
    "pct1ResTime" : 56.0,
    "pct2ResTime" : 98.0,
    "pct3ResTime" : 144.71999999999935,
    "throughput" : 39.62150316916548,
    "receivedKBytesPerSec" : 24.144353493710213,
    "sentKBytesPerSec" : 5.820197914644041
  }
}